Nome,E-mail,Município,Telefone
ABN AMRO CORRETORA DE T-TULOS E VALORES MOBILI-RIOS LTDA.,canal.comunicacao@br.abnamro.com,São Paulo,3073-7417
"ACTIVTRADES CORRETORA DE CÂMBIO, TÍTULOS E VALORES MOBILIÁRIOS LTDA",rramos@activtrades.com,Florianópolis,3054-2864
AGORA CTVM S.A.,ipc.supervisao.corretoras@bradesco.com.br,São Paulo,2178-6198
ALFA CORRETORA DE CAMBIO E VALORES MOBILIARIOS S.A,jelanir@bancoalfa.com.br,São Paulo,3175-5050
AMARIL FRANKLIN CTV LTDA,investimentos@amarilfranklin.com.br,Belo Horizonte,3235-8128
ATIVA INVESTIMENTOS S.A. C.T.C.V.,contabilidade@ativactv.com.br,Rio De Janeiro,3957-8326
BANRISUL S.A. CORRETORA DE VALORES MOBILIÁRIOS E CÂMBIO,banrisul_corretora@banrisul.com.br,Porto Alegre,3215-2877
BOCOM BBM CCVM S.A.,compliancecorporativo@bocombbm.com.br,Rio De Janeiro,2514-8448
BRADESCO S/A CTVM,ipc.supervisao.corretoras@bradesco.com.br,São Paulo,3847-9888
BTG PACTUAL CTVM S/A,ol-compliance-regulatorio@btgpactual.com,São Paulo,3383-2000
C6 CORRETORA DE TÍTULOS E VALORES MOBILIÁRIOS LTDA.,paulo.camargo@c6bank.com,São Paulo,2832-6000
CGD INVESTIMENTOS CORRETORA DE VALORES E CAMBIO S.A.,martin.cordeiro@bcgbrasil.com.br,São Paulo,3073-9300
"CITIGROUP GLOBAL MARKETS BRASIL, CCTVM S/A",marcelo.millen@citi.com,São Paulo,4009-5141
CM CAPITAL MARKETS CCTVM LTDA,reguladores@cmcapital.com.br,São Paulo,3842-1122
CODEPE CORRETORA DE VALORES E CÂMBIO S.A.,codepe@codepe.com.br,Barueri,1260-80999
COINVALORES CCVM LTDA,admfundoimobiliario@coinvalores.com.br,São Paulo,3035-4141
CORRETORA GERAL DE VALORES E CAMBIO LTDA,cinternos@geralinvestimentos.com.br,Porto Alegre,3213-2727
CREDIT SUISSE (BRASIL) S/A CTVM,list.csbg-unicad@credit-suisse.com,São Paulo,3701-6800
CREDIT SUISSE HEDGING-GRIFFO CORRETORA DE VALORES S.A.,list.csbg-unicad@credit-suisse.com,São Paulo,3701-6800
DAYCOVAL CORRETORA DE TITULOS E VALORES MOBILI-RIOS LTDA.,,São Paulo,-
ELITE CCVM LTDA,ol-juridico-societario@btgpactual.com,Rio De Janeiro,2142-2100
EQI INVESTIMENTOS CORRETORA DE T?TULOS E VALORES MOBILI?RIOS S.A.,,São Paulo,-
"EUROINVEST S/A - CORRETORA, CÂMBIO, TÍTULOS E  VALORES MOBILIÁRIOS",euroinvest@grupoeuroinvest.com.br,Rio De Janeiro,2132-7213
FATOR S.A. CORRETORA DE VALORES,ol-juridico-societario@btgpactual.com,São Paulo,3383-2000
FINAXIS CORRETORA DE TÍTULOS E VALORES MOBILIÁRIOS S.A.,servicosfinanceiros@finaxis.com.br,São Paulo,3526-9001
"GENIAL INSTITUCIONAL CORRETORA DE CÂMBIO, TÍTULOS E VALORES MOBILIÁRIOS S.A.",juridico@genial.com.vc,São Paulo,3206-8000
GENIAL INVESTIMENTOS CORRETORA DE VALORES MOBILIÁRIOS S.A.,atendimentocvm.corretora@genial.com.vc,Rio De Janeiro,3923-3000
GOLDMAN SACHS DO BRASIL CTVM S/A,gs-institucional-brasil@gs.com,São Paulo,3371-0700
GUIDE INVESTIMENTOS S.A. CORRETORA DE VALORES,juridico@guide.com.br,São Paulo,3576-6925
HAITONG SECURITIES DO BRASIL CORRETORA DE CÂMBIO E VALORES MOBILIÁRIOS S.A.,resp_legal@haitongib.com.br,São Paulo,3074-7444
HH PICCHIONI SA CCVM,florentino@picchioni.com.br,Belo Horizonte,3238-7126
"IB CORRETORA DE CAMBIO, TITULOS E VALORES MOBILIARIOS S.A.",compliance@ibcorretora.com.br,São Paulo,2970-2933
ICAP DO BRASIL CTVM LTDA,juridico@tullettprebon.com.br,Rio De Janeiro,3956-4200
ID CORRETORA DE TITULOS E VALORES MOBILIARIOS S.A.,supervisao@idsf.com.br,São Paulo,4637-6633
IDEAL CORRETORA DE TÍTULOS E VALORES MOBILIÁRIOS S.A.,contato@idealctvm.com.br,São Paulo,3014-3545
ITAU CORRETORA DE VALORES SA,complianceib@correio.itau.com.br,São Paulo,5019-9986
J. P. MORGAN CCVM S.A.,compliance_regulatory_br@jpmorgan.com,São Paulo,4950-3700
LEVYCAM - CCV LTDA,kneese@levycam.com.br,São Paulo,2813-9600
"MASTER S/A CORRETORA DE CAMBIO, TITULOS E VALORES MOBILIARIOS",compliance.corretora@mastercctvm.com.br,Rio De Janeiro,4502-0100
MERCANTIL DO BRASIL CORRETORA S/A CTVM,mb_corretora_gestao@mercantil.com.br,Belo Horizonte,3057-6731
MERRILL LYNCH S/A CORRETORA DE TÍTULOS E VALORES MOBILIÁRIOS,pedro.asprino@bofa.com,São Paulo,2188-4000
"MIRAE ASSET BRASIL CORRETORA DE C-MBIO, T-TULOS E VALORES MOBILI-RIOS LTDA",hyunjun.yim@miraeinvest.com.br,São Paulo,2789-2000
MORGAN STANLEY CTVM S.A.,elaine.souza@morganstanley.com,São Paulo,3048-6000
MUNDINVEST S/A CCVM,mundinvest@mundinvest.com.br,Belo Horizonte,3071-6565
NEON CORRETORA DE TITULOS E VALORES MOBILIARIOS S.A.,regulatorio@neon.com.br,São Paulo,3123-0883
NOVA FUTURA CTVM LTDA,joaquim@novafutura.com.br,São Paulo,3291-8000
NOVINVEST CORRETORA DE VALORES MOBILIÁRIOS LTDA.,mauricio.leal@novinvest.com.br,São Paulo,3292-2161
NU INVEST CORRETORA DE VALORES S.A.,capital.markets@nubank.com.br,São Paulo,3064-8969
PAGINVEST CORRETORA DE TÍTULOS E VALORES LTDA.,,São Paulo,-
PLANNER CORRETORA DE VALORES S.A.,corporativo@planner.com.br,São Paulo,2172-2600
RJI CORRETORA DE TÍTULOS E VALORES MOBILIÁRIOS LTDA,controladoria@rjicv.com.br,Rio De Janeiro,3500-4500
SAFRA CORRETORA DE VALORES E CÂMBIO LTDA.,atendimento.regulamentar@safra.com.br,São Paulo,3175-8627
SANTANDER CCVM S/A,alexandre.praxedes@santander.com.br,São Paulo,3553-3200
SCOTIABANK BRASIL S.A. CORRETORA DE TÍTULOS E VALORES MOBILIÁRIOS,,São Paulo,-
SENSO CORRETORA DE CÂMBIO E VALORES MOBILIÁRIOS S.A,gilvan.mendonca@sensocorretora.com.br,Rio De Janeiro,2505-5000
SIMPAUL CORRETORA DE CÂMBIO E VALORES MOBILIÁRIOS S.A.,controlesinternos@simpaul.com.br,Porto Alegre,3327-9888
SINGULARE CORRETORA DE TITULOS E VALORES MOBILIARIOS S.A.,compliance@singulare.com.br,São Paulo,2827-3500
SITA SOCIEDADE CCVM S.A.,sita@sita.com.br,Belo Horizonte,3303-4887
"SOLIDEZ - CORRETORA DE CÂMBIO, TÍTULOS E VALORES MOBILIÁRIOS LIMITADA",controladoria@solidez.com.br,São Paulo,3115-2366
TORO CORRETORA DE TÍTULOS E VALORES MOBILIARIOS S/A,juridico@toroinvestimentos.com.br,Belo Horizonte,3665-8700
TULLETT PREBON BRASIL CORRETORA DE VALORES E CÂMBIO LTDA,juridico@tullettprebon.com.br,São Paulo,2111-4800
"UBS BRASIL CORRETORA DE CAMBIO, TITULOS E VALORES MOBILIARIOS S.A.",daniel.bassan@ubs.com,São Paulo,2050-6500
WARREN CORRETORA DE VALORES MOBILIÁRIOS E CÂMBIO LTDA.,compliance@warren.com.br,Porto Alegre,3237-2273
XP INVESTIMENTOS CCTVM S.A.,lucas.rabechini@xpi.com.br,Rio De Janeiro,3027-2237
